<?xml version="1.0" encoding="UTF-8"?>
<Flow xmlns="http://soap.sforce.com/2006/04/metadata">
    <actionCalls>
        <name>Copy_1_of_Copy_1_of_RunExchangeRate</name>
        <label>Copy 1 of Copy 1 of RunExchangeRate</label>
        <locationX>308</locationX>
        <locationY>288</locationY>
        <actionName>ExchangeRestCallout</actionName>
        <actionType>apex</actionType>
        <flowTransactionModel>CurrentTransaction</flowTransactionModel>
        <inputParameters>
            <name>exchangeIDs</name>
            <value>
                <elementReference>$Record.Id</elementReference>
            </value>
        </inputParameters>
    </actionCalls>
    <apiVersion>57.0</apiVersion>
    <environments>Default</environments>
    <interviewLabel>ExchangeFlow {!$Flow.CurrentDateTime}</interviewLabel>
    <label>ExchangeFlow</label>
    <processMetadataValues>
        <name>BuilderType</name>
        <value>
            <stringValue>LightningFlowBuilder</stringValue>
        </value>
    </processMetadataValues>
    <processMetadataValues>
        <name>CanvasMode</name>
        <value>
            <stringValue>AUTO_LAYOUT_CANVAS</stringValue>
        </value>
    </processMetadataValues>
    <processMetadataValues>
        <name>OriginBuilderType</name>
        <value>
            <stringValue>LightningFlowBuilder</stringValue>
        </value>
    </processMetadataValues>
    <processType>AutoLaunchedFlow</processType>
    <start>
        <locationX>50</locationX>
        <locationY>0</locationY>
        <filterLogic>and</filterLogic>
        <filters>
            <field>Currency_Name__c</field>
            <operator>IsNull</operator>
            <value>
                <booleanValue>false</booleanValue>
            </value>
        </filters>
        <object>Exchange__c</object>
        <recordTriggerType>Create</recordTriggerType>
        <scheduledPaths>
            <connector>
                <targetReference>Copy_1_of_Copy_1_of_RunExchangeRate</targetReference>
            </connector>
            <pathType>AsyncAfterCommit</pathType>
        </scheduledPaths>
        <triggerType>RecordAfterSave</triggerType>
    </start>
    <status>Draft</status>
</Flow>
