<?xml version="1.0" encoding="UTF-8"?>
<CustomField xmlns="http://soap.sforce.com/2006/04/metadata">
    <fullName>Currency_Name__c</fullName>
    <externalId>false</externalId>
    <label>Currency Name</label>
    <required>true</required>
    <trackHistory>false</trackHistory>
    <trackTrending>false</trackTrending>
    <type>Picklist</type>
    <valueSet>
        <restricted>true</restricted>
        <valueSetDefinition>
            <sorted>false</sorted>
            <value>
                <fullName>AED</fullName>
                <default>false</default>
                <label>AED</label>
            </value>
            <value>
                <fullName>AFN</fullName>
                <default>false</default>
                <label>AFN</label>
            </value>
            <value>
                <fullName>ALL</fullName>
                <default>false</default>
                <label>ALL</label>
            </value>
            <value>
                <fullName>AMD</fullName>
                <default>false</default>
                <label>AMD</label>
            </value>
            <value>
                <fullName>ANG</fullName>
                <default>false</default>
                <label>ANG</label>
            </value>
            <value>
                <fullName>AOA</fullName>
                <default>false</default>
                <label>AOA</label>
            </value>
            <value>
                <fullName>ARS</fullName>
                <default>false</default>
                <label>ARS</label>
            </value>
            <value>
                <fullName>AUD</fullName>
                <default>false</default>
                <label>AUD</label>
            </value>
            <value>
                <fullName>AWG</fullName>
                <default>false</default>
                <label>AWG</label>
            </value>
            <value>
                <fullName>AZN</fullName>
                <default>false</default>
                <label>AZN</label>
            </value>
            <value>
                <fullName>BAM</fullName>
                <default>false</default>
                <label>BAM</label>
            </value>
            <value>
                <fullName>BBD</fullName>
                <default>false</default>
                <label>BBD</label>
            </value>
            <value>
                <fullName>BDT</fullName>
                <default>false</default>
                <label>BDT</label>
            </value>
            <value>
                <fullName>BGN</fullName>
                <default>false</default>
                <label>BGN</label>
            </value>
            <value>
                <fullName>BHD</fullName>
                <default>false</default>
                <label>BHD</label>
            </value>
            <value>
                <fullName>BIF</fullName>
                <default>false</default>
                <label>BIF</label>
            </value>
            <value>
                <fullName>BMD</fullName>
                <default>false</default>
                <label>BMD</label>
            </value>
            <value>
                <fullName>BND</fullName>
                <default>false</default>
                <label>BND</label>
            </value>
            <value>
                <fullName>BOB</fullName>
                <default>false</default>
                <label>BOB</label>
            </value>
            <value>
                <fullName>BRL</fullName>
                <default>false</default>
                <label>BRL</label>
            </value>
            <value>
                <fullName>BSD</fullName>
                <default>false</default>
                <label>BSD</label>
            </value>
            <value>
                <fullName>BTC</fullName>
                <default>false</default>
                <label>BTC</label>
            </value>
            <value>
                <fullName>BTN</fullName>
                <default>false</default>
                <label>BTN</label>
            </value>
            <value>
                <fullName>BWP</fullName>
                <default>false</default>
                <label>BWP</label>
            </value>
            <value>
                <fullName>BYN</fullName>
                <default>false</default>
                <label>BYN</label>
            </value>
            <value>
                <fullName>BYR</fullName>
                <default>false</default>
                <label>BYR</label>
            </value>
            <value>
                <fullName>BZD</fullName>
                <default>false</default>
                <label>BZD</label>
            </value>
            <value>
                <fullName>CAD</fullName>
                <default>false</default>
                <label>CAD</label>
            </value>
            <value>
                <fullName>CDF</fullName>
                <default>false</default>
                <label>CDF</label>
            </value>
            <value>
                <fullName>CHF</fullName>
                <default>false</default>
                <label>CHF</label>
            </value>
            <value>
                <fullName>CLF</fullName>
                <default>false</default>
                <label>CLF</label>
            </value>
            <value>
                <fullName>CLP</fullName>
                <default>false</default>
                <label>CLP</label>
            </value>
            <value>
                <fullName>CNY</fullName>
                <default>false</default>
                <label>CNY</label>
            </value>
            <value>
                <fullName>COP</fullName>
                <default>false</default>
                <label>COP</label>
            </value>
            <value>
                <fullName>CRC</fullName>
                <default>false</default>
                <label>CRC</label>
            </value>
            <value>
                <fullName>CUC</fullName>
                <default>false</default>
                <label>CUC</label>
            </value>
            <value>
                <fullName>CUP</fullName>
                <default>false</default>
                <label>CUP</label>
            </value>
            <value>
                <fullName>CVE</fullName>
                <default>false</default>
                <label>CVE</label>
            </value>
            <value>
                <fullName>CZK</fullName>
                <default>false</default>
                <label>CZK</label>
            </value>
            <value>
                <fullName>DJF</fullName>
                <default>false</default>
                <label>DJF</label>
            </value>
            <value>
                <fullName>DKK</fullName>
                <default>false</default>
                <label>DKK</label>
            </value>
            <value>
                <fullName>DOP</fullName>
                <default>false</default>
                <label>DOP</label>
            </value>
            <value>
                <fullName>DZD</fullName>
                <default>false</default>
                <label>DZD</label>
            </value>
            <value>
                <fullName>EGP</fullName>
                <default>false</default>
                <label>EGP</label>
            </value>
            <value>
                <fullName>ERN</fullName>
                <default>false</default>
                <label>ERN</label>
            </value>
            <value>
                <fullName>ETB</fullName>
                <default>false</default>
                <label>ETB</label>
            </value>
            <value>
                <fullName>EUR</fullName>
                <default>false</default>
                <label>EUR</label>
            </value>
            <value>
                <fullName>FJD</fullName>
                <default>false</default>
                <label>FJD</label>
            </value>
            <value>
                <fullName>FKP</fullName>
                <default>false</default>
                <label>FKP</label>
            </value>
            <value>
                <fullName>GBP</fullName>
                <default>false</default>
                <label>GBP</label>
            </value>
            <value>
                <fullName>GEL</fullName>
                <default>false</default>
                <label>GEL</label>
            </value>
            <value>
                <fullName>GGP</fullName>
                <default>false</default>
                <label>GGP</label>
            </value>
            <value>
                <fullName>GHS</fullName>
                <default>false</default>
                <label>GHS</label>
            </value>
            <value>
                <fullName>GIP</fullName>
                <default>false</default>
                <label>GIP</label>
            </value>
            <value>
                <fullName>GMD</fullName>
                <default>false</default>
                <label>GMD</label>
            </value>
            <value>
                <fullName>GNF</fullName>
                <default>false</default>
                <label>GNF</label>
            </value>
            <value>
                <fullName>GTQ</fullName>
                <default>false</default>
                <label>GTQ</label>
            </value>
            <value>
                <fullName>GYD</fullName>
                <default>false</default>
                <label>GYD</label>
            </value>
            <value>
                <fullName>HKD</fullName>
                <default>false</default>
                <label>HKD</label>
            </value>
            <value>
                <fullName>HNL</fullName>
                <default>false</default>
                <label>HNL</label>
            </value>
            <value>
                <fullName>HRK</fullName>
                <default>false</default>
                <label>HRK</label>
            </value>
            <value>
                <fullName>HTG</fullName>
                <default>false</default>
                <label>HTG</label>
            </value>
            <value>
                <fullName>HUF</fullName>
                <default>false</default>
                <label>HUF</label>
            </value>
            <value>
                <fullName>IDR</fullName>
                <default>false</default>
                <label>IDR</label>
            </value>
            <value>
                <fullName>ILS</fullName>
                <default>false</default>
                <label>ILS</label>
            </value>
            <value>
                <fullName>IMP</fullName>
                <default>false</default>
                <label>IMP</label>
            </value>
            <value>
                <fullName>INR</fullName>
                <default>false</default>
                <label>INR</label>
            </value>
            <value>
                <fullName>IQD</fullName>
                <default>false</default>
                <label>IQD</label>
            </value>
            <value>
                <fullName>IRR</fullName>
                <default>false</default>
                <label>IRR</label>
            </value>
            <value>
                <fullName>ISK</fullName>
                <default>false</default>
                <label>ISK</label>
            </value>
            <value>
                <fullName>JEP</fullName>
                <default>false</default>
                <label>JEP</label>
            </value>
            <value>
                <fullName>JMD</fullName>
                <default>false</default>
                <label>JMD</label>
            </value>
            <value>
                <fullName>JOD</fullName>
                <default>false</default>
                <label>JOD</label>
            </value>
            <value>
                <fullName>JPY</fullName>
                <default>false</default>
                <label>JPY</label>
            </value>
            <value>
                <fullName>KES</fullName>
                <default>false</default>
                <label>KES</label>
            </value>
            <value>
                <fullName>KGS</fullName>
                <default>false</default>
                <label>KGS</label>
            </value>
            <value>
                <fullName>KHR</fullName>
                <default>false</default>
                <label>KHR</label>
            </value>
            <value>
                <fullName>KMF</fullName>
                <default>false</default>
                <label>KMF</label>
            </value>
            <value>
                <fullName>KPW</fullName>
                <default>false</default>
                <label>KPW</label>
            </value>
            <value>
                <fullName>KRW</fullName>
                <default>false</default>
                <label>KRW</label>
            </value>
            <value>
                <fullName>KWD</fullName>
                <default>false</default>
                <label>KWD</label>
            </value>
            <value>
                <fullName>KYD</fullName>
                <default>false</default>
                <label>KYD</label>
            </value>
            <value>
                <fullName>KZT</fullName>
                <default>false</default>
                <label>KZT</label>
            </value>
            <value>
                <fullName>LAK</fullName>
                <default>false</default>
                <label>LAK</label>
            </value>
            <value>
                <fullName>LBP</fullName>
                <default>false</default>
                <label>LBP</label>
            </value>
            <value>
                <fullName>LKR</fullName>
                <default>false</default>
                <label>LKR</label>
            </value>
            <value>
                <fullName>LRD</fullName>
                <default>false</default>
                <label>LRD</label>
            </value>
            <value>
                <fullName>LSL</fullName>
                <default>false</default>
                <label>LSL</label>
            </value>
            <value>
                <fullName>LTL</fullName>
                <default>false</default>
                <label>LTL</label>
            </value>
            <value>
                <fullName>LVL</fullName>
                <default>false</default>
                <label>LVL</label>
            </value>
            <value>
                <fullName>LYD</fullName>
                <default>false</default>
                <label>LYD</label>
            </value>
            <value>
                <fullName>MAD</fullName>
                <default>false</default>
                <label>MAD</label>
            </value>
            <value>
                <fullName>MDL</fullName>
                <default>false</default>
                <label>MDL</label>
            </value>
            <value>
                <fullName>MGA</fullName>
                <default>false</default>
                <label>MGA</label>
            </value>
            <value>
                <fullName>MKD</fullName>
                <default>false</default>
                <label>MKD</label>
            </value>
            <value>
                <fullName>MMK</fullName>
                <default>false</default>
                <label>MMK</label>
            </value>
            <value>
                <fullName>MNT</fullName>
                <default>false</default>
                <label>MNT</label>
            </value>
            <value>
                <fullName>MOP</fullName>
                <default>false</default>
                <label>MOP</label>
            </value>
            <value>
                <fullName>MRO</fullName>
                <default>false</default>
                <label>MRO</label>
            </value>
            <value>
                <fullName>MUR</fullName>
                <default>false</default>
                <label>MUR</label>
            </value>
            <value>
                <fullName>MVR</fullName>
                <default>false</default>
                <label>MVR</label>
            </value>
            <value>
                <fullName>MWK</fullName>
                <default>false</default>
                <label>MWK</label>
            </value>
            <value>
                <fullName>MXN</fullName>
                <default>false</default>
                <label>MXN</label>
            </value>
            <value>
                <fullName>MYR</fullName>
                <default>false</default>
                <label>MYR</label>
            </value>
            <value>
                <fullName>MZN</fullName>
                <default>false</default>
                <label>MZN</label>
            </value>
            <value>
                <fullName>NAD</fullName>
                <default>false</default>
                <label>NAD</label>
            </value>
            <value>
                <fullName>NGN</fullName>
                <default>false</default>
                <label>NGN</label>
            </value>
            <value>
                <fullName>NIO</fullName>
                <default>false</default>
                <label>NIO</label>
            </value>
            <value>
                <fullName>NOK</fullName>
                <default>false</default>
                <label>NOK</label>
            </value>
            <value>
                <fullName>NPR</fullName>
                <default>false</default>
                <label>NPR</label>
            </value>
            <value>
                <fullName>NZD</fullName>
                <default>false</default>
                <label>NZD</label>
            </value>
            <value>
                <fullName>OMR</fullName>
                <default>false</default>
                <label>OMR</label>
            </value>
            <value>
                <fullName>PAB</fullName>
                <default>false</default>
                <label>PAB</label>
            </value>
            <value>
                <fullName>PEN</fullName>
                <default>false</default>
                <label>PEN</label>
            </value>
            <value>
                <fullName>PGK</fullName>
                <default>false</default>
                <label>PGK</label>
            </value>
            <value>
                <fullName>PHP</fullName>
                <default>false</default>
                <label>PHP</label>
            </value>
            <value>
                <fullName>PKR</fullName>
                <default>false</default>
                <label>PKR</label>
            </value>
            <value>
                <fullName>PLN</fullName>
                <default>false</default>
                <label>PLN</label>
            </value>
            <value>
                <fullName>PYG</fullName>
                <default>false</default>
                <label>PYG</label>
            </value>
            <value>
                <fullName>QAR</fullName>
                <default>false</default>
                <label>QAR</label>
            </value>
            <value>
                <fullName>RON</fullName>
                <default>false</default>
                <label>RON</label>
            </value>
            <value>
                <fullName>RSD</fullName>
                <default>false</default>
                <label>RSD</label>
            </value>
            <value>
                <fullName>RUB</fullName>
                <default>false</default>
                <label>RUB</label>
            </value>
            <value>
                <fullName>RWF</fullName>
                <default>false</default>
                <label>RWF</label>
            </value>
            <value>
                <fullName>SAR</fullName>
                <default>false</default>
                <label>SAR</label>
            </value>
            <value>
                <fullName>SBD</fullName>
                <default>false</default>
                <label>SBD</label>
            </value>
            <value>
                <fullName>SCR</fullName>
                <default>false</default>
                <label>SCR</label>
            </value>
            <value>
                <fullName>SDG</fullName>
                <default>false</default>
                <label>SDG</label>
            </value>
            <value>
                <fullName>SEK</fullName>
                <default>false</default>
                <label>SEK</label>
            </value>
            <value>
                <fullName>SGD</fullName>
                <default>false</default>
                <label>SGD</label>
            </value>
            <value>
                <fullName>SHP</fullName>
                <default>false</default>
                <label>SHP</label>
            </value>
            <value>
                <fullName>SLE</fullName>
                <default>false</default>
                <label>SLE</label>
            </value>
            <value>
                <fullName>SLL</fullName>
                <default>false</default>
                <label>SLL</label>
            </value>
            <value>
                <fullName>SOS</fullName>
                <default>false</default>
                <label>SOS</label>
            </value>
            <value>
                <fullName>SRD</fullName>
                <default>false</default>
                <label>SRD</label>
            </value>
            <value>
                <fullName>STD</fullName>
                <default>false</default>
                <label>STD</label>
            </value>
            <value>
                <fullName>SVC</fullName>
                <default>false</default>
                <label>SVC</label>
            </value>
            <value>
                <fullName>SYP</fullName>
                <default>false</default>
                <label>SYP</label>
            </value>
            <value>
                <fullName>SZL</fullName>
                <default>false</default>
                <label>SZL</label>
            </value>
            <value>
                <fullName>THB</fullName>
                <default>false</default>
                <label>THB</label>
            </value>
            <value>
                <fullName>TJS</fullName>
                <default>false</default>
                <label>TJS</label>
            </value>
            <value>
                <fullName>TMT</fullName>
                <default>false</default>
                <label>TMT</label>
            </value>
            <value>
                <fullName>TND</fullName>
                <default>false</default>
                <label>TND</label>
            </value>
            <value>
                <fullName>TOP</fullName>
                <default>false</default>
                <label>TOP</label>
            </value>
            <value>
                <fullName>TRY</fullName>
                <default>false</default>
                <label>TRY</label>
            </value>
            <value>
                <fullName>TTD</fullName>
                <default>false</default>
                <label>TTD</label>
            </value>
            <value>
                <fullName>TWD</fullName>
                <default>false</default>
                <label>TWD</label>
            </value>
            <value>
                <fullName>TZS</fullName>
                <default>false</default>
                <label>TZS</label>
            </value>
            <value>
                <fullName>UAH</fullName>
                <default>false</default>
                <label>UAH</label>
            </value>
            <value>
                <fullName>UGX</fullName>
                <default>false</default>
                <label>UGX</label>
            </value>
            <value>
                <fullName>USD</fullName>
                <default>false</default>
                <label>USD</label>
            </value>
            <value>
                <fullName>UYU</fullName>
                <default>false</default>
                <label>UYU</label>
            </value>
            <value>
                <fullName>UZS</fullName>
                <default>false</default>
                <label>UZS</label>
            </value>
            <value>
                <fullName>VEF</fullName>
                <default>false</default>
                <label>VEF</label>
            </value>
            <value>
                <fullName>VES</fullName>
                <default>false</default>
                <label>VES</label>
            </value>
            <value>
                <fullName>VND</fullName>
                <default>false</default>
                <label>VND</label>
            </value>
            <value>
                <fullName>VUV</fullName>
                <default>false</default>
                <label>VUV</label>
            </value>
            <value>
                <fullName>WST</fullName>
                <default>false</default>
                <label>WST</label>
            </value>
            <value>
                <fullName>XAF</fullName>
                <default>false</default>
                <label>XAF</label>
            </value>
            <value>
                <fullName>XAG</fullName>
                <default>false</default>
                <label>XAG</label>
            </value>
            <value>
                <fullName>XAU</fullName>
                <default>false</default>
                <label>XAU</label>
            </value>
            <value>
                <fullName>XCD</fullName>
                <default>false</default>
                <label>XCD</label>
            </value>
            <value>
                <fullName>XDR</fullName>
                <default>false</default>
                <label>XDR</label>
            </value>
            <value>
                <fullName>XOF</fullName>
                <default>false</default>
                <label>XOF</label>
            </value>
            <value>
                <fullName>XPF</fullName>
                <default>false</default>
                <label>XPF</label>
            </value>
            <value>
                <fullName>YER</fullName>
                <default>false</default>
                <label>YER</label>
            </value>
            <value>
                <fullName>ZAR</fullName>
                <default>false</default>
                <label>ZAR</label>
            </value>
            <value>
                <fullName>ZMK</fullName>
                <default>false</default>
                <label>ZMK</label>
            </value>
            <value>
                <fullName>ZMW</fullName>
                <default>false</default>
                <label>ZMW</label>
            </value>
            <value>
                <fullName>ZWL</fullName>
                <default>false</default>
                <label>ZWL</label>
            </value>
        </valueSetDefinition>
    </valueSet>
</CustomField>
